PRAGMA foreign_keys=OFF;
BEGIN TRANSACTION;
CREATE TABLE Ship (id INTEGER NOT NULL, class_id INTEGER DEFAULT NULL, name VARCHAR(255) NOT NULL, PRIMARY KEY(id));
INSERT INTO "Ship" VALUES(1,1,'Liberty');
INSERT INTO "Ship" VALUES(2,2,'Goliath');
CREATE TABLE MountPoint (id INTEGER NOT NULL, ship_id INTEGER NOT NULL, equipment_id INTEGER DEFAULT NULL, PRIMARY KEY(id));
INSERT INTO "MountPoint" VALUES(1,1,2);
INSERT INTO "MountPoint" VALUES(2,1,2);
INSERT INTO "MountPoint" VALUES(3,1,1);
INSERT INTO "MountPoint" VALUES(4,1,1);
INSERT INTO "MountPoint" VALUES(5,1,2);
INSERT INTO "MountPoint" VALUES(6,1,2);
INSERT INTO "MountPoint" VALUES(7,2,1);
INSERT INTO "MountPoint" VALUES(8,2,1);
CREATE TABLE ShipClass (id INTEGER NOT NULL, name VARCHAR(255) NOT NULL, price INTEGER NOT NULL, payloadCapacity INTEGER NOT NULL, equipmentCapacity INTEGER NOT NULL, crewSize INTEGER NOT NULL, PRIMARY KEY(id));
INSERT INTO "ShipClass" VALUES(1,'Corvette',8000,5,6,10);
INSERT INTO "ShipClass" VALUES(2,'Freighter',6000,50,2,6);
CREATE TABLE Good (id INTEGER NOT NULL, name VARCHAR(255) NOT NULL, pricePerTon INTEGER NOT NULL, PRIMARY KEY(id));
INSERT INTO "Good" VALUES(1,'Ore',20);
INSERT INTO "Good" VALUES(2,'Gold',500);
INSERT INTO "Good" VALUES(3,'Iron',40);
CREATE TABLE Payload (id INTEGER NOT NULL, good_id INTEGER NOT NULL, ship_id INTEGER DEFAULT NULL, mass INTEGER NOT NULL, PRIMARY KEY(id));
INSERT INTO "Payload" VALUES(1,2,2,3);
INSERT INTO "Payload" VALUES(2,1,2,47);
CREATE TABLE Equipment (id INTEGER NOT NULL, name VARCHAR(255) NOT NULL, price INTEGER NOT NULL, PRIMARY KEY(id));
INSERT INTO "Equipment" VALUES(1,'Ion Laser',400);
INSERT INTO "Equipment" VALUES(2,'Photon Torpedo',350);
CREATE INDEX IDX_5A02441AEA000B10 ON Ship (class_id);
CREATE INDEX IDX_14D866B5C256317D ON MountPoint (ship_id);
CREATE INDEX IDX_14D866B5517FE9FE ON MountPoint (equipment_id);
CREATE INDEX IDX_8D9153891CF98C70 ON Payload (good_id);
CREATE INDEX IDX_8D915389C256317D ON Payload (ship_id);
COMMIT;
